ï»¿"Symbol  ","Series  ","Date  ","Prev Close  ","Open Price  ","High Price  ","Low Price  ","Last Price  ","Close Price  ","Average Price ","Total Traded Quantity  ","Turnover In Rs  ","No. of Trades  ","Deliverable Qty  ","% Dly Qt to Traded Qty  "
"WIPRO","EQ","30-Jul-2025","251.80","251.45","252.50","249.20","250.25","250.20","250.60","60,57,152","1,51,79,02,405.05","63,965","35,31,122","58.30"
"WIPRO","EQ","31-Jul-2025","250.20","248.10","250.15","246.05","248.25","248.30","248.09","73,38,764","1,82,06,87,604.85","84,657","39,12,201","53.31"
"WIPRO","EQ","01-Aug-2025","248.30","246.50","246.90","242.20","242.38","242.75","243.72","74,36,999","1,81,25,70,815.54","99,441","39,65,254","53.32"
"WIPRO","EQ","04-Aug-2025","242.75","242.75","246.42","241.10","245.80","246.05","244.34","52,34,393","1,27,89,90,164.41","64,857","24,10,563","46.05"
"WIPRO","EQ","05-Aug-2025","246.05","246.05","246.95","244.53","245.45","245.91","245.58","73,83,968","1,81,33,47,924.19","64,537","47,40,893","64.21"
"WIPRO","EQ","06-Aug-2025","245.91","246.00","246.00","239.31","239.75","239.96","241.24","77,00,190","1,85,76,10,804.95","1,03,533","40,92,386","53.15"
"WIPRO","EQ","07-Aug-2025","239.96","239.11","243.18","238.61","242.80","242.32","240.43","61,90,830","1,48,84,64,799.61","85,305","30,65,470","49.52"
"WIPRO","EQ","08-Aug-2025","242.32","242.40","243.25","238.40","239.33","239.05","239.78","89,22,847","2,13,95,36,503.10","79,296","56,76,702","63.62"
"WIPRO","EQ","11-Aug-2025","239.05","239.05","244.75","238.62","241.50","241.62","240.78","30,47,287","73,37,14,556.24","63,216","13,29,218","43.62"
"WIPRO","EQ","12-Aug-2025","241.62","242.70","246.29","241.10","241.30","241.72","243.34","81,01,435","1,97,14,12,574.24","96,929","35,57,657","43.91"
"WIPRO","EQ","13-Aug-2025","241.72","242.89","242.89","240.12","241.55","241.65","241.43","58,20,844","1,40,53,06,715.58","71,750","31,16,721","53.54"
"WIPRO","EQ","14-Aug-2025","241.65","243.10","248.43","242.41","246.50","246.81","246.60","1,28,57,225","3,17,06,51,061.33","1,11,213","55,80,221","43.40"
"WIPRO","EQ","18-Aug-2025","246.81","248.64","249.01","244.76","245.60","245.21","246.60","57,89,317","1,42,76,65,639.05","72,478","28,10,030","48.54"
"WIPRO","EQ","19-Aug-2025","245.21","245.46","247.50","244.78","247.15","246.96","246.52","40,90,961","1,00,85,19,025.88","64,648","17,05,414","41.69"
"WIPRO","EQ","20-Aug-2025","246.96","245.30","252.89","245.30","251.00","250.84","250.24","1,00,99,384","2,52,73,02,189.28","1,11,418","39,71,262","39.32"
"WIPRO","EQ","21-Aug-2025","250.84","252.74","252.74","249.61","250.40","249.91","250.50","76,07,486","1,90,56,61,363.72","63,179","46,85,441","61.59"
"WIPRO","EQ","22-Aug-2025","249.91","252.00","253.00","247.61","248.74","248.64","249.26","1,35,72,686","3,38,31,56,214.43","77,178","62,90,213","46.34"
"WIPRO","EQ","25-Aug-2025","248.64","250.60","257.29","250.60","254.40","253.84","255.04","1,63,91,069","4,18,03,62,254.93","1,26,819","46,91,770","28.62"
"WIPRO","EQ","26-Aug-2025","253.84","253.00","254.82","251.31","251.75","252.03","252.45","1,57,97,327","3,98,79,76,984.45","70,418","1,13,86,513","72.08"
"WIPRO","EQ","28-Aug-2025","252.03","252.02","252.35","249.08","249.98","250.65","250.77","58,51,451","1,46,73,39,477.79","68,338","27,20,785","46.50"
"WIPRO","EQ","29-Aug-2025","250.65","250.50","253.10","248.66","249.30","249.41","250.62","1,01,17,017","2,53,55,15,505.88","77,009","51,46,954","50.87"
"WIPRO","EQ","01-Sep-2025","249.41","249.42","252.99","249.40","250.50","250.36","251.05","31,98,345","80,29,50,488.67","54,664","11,68,052","36.52"
"WIPRO","EQ","02-Sep-2025","250.36","250.36","253.15","249.60","250.85","250.93","251.41","50,46,939","1,26,88,58,199.49","64,292","18,09,525","35.85"
"WIPRO","EQ","03-Sep-2025","250.93","251.90","252.40","249.12","249.54","249.56","250.06","38,62,765","96,59,33,614.86","49,289","17,49,286","45.29"
"WIPRO","EQ","04-Sep-2025","249.56","249.50","250.34","244.44","245.45","244.97","246.75","50,21,036","1,23,89,57,213.01","77,917","26,07,695","51.94"
"WIPRO","EQ","05-Sep-2025","244.97","246.10","247.32","241.27","244.36","243.67","244.12","62,33,782","1,52,18,02,138.95","1,07,082","21,90,028","35.13"
"WIPRO","EQ","08-Sep-2025","243.67","244.36","246.99","242.20","242.88","242.52","243.72","65,96,932","1,60,77,87,575.48","86,320","32,94,137","49.93"
"WIPRO","EQ","09-Sep-2025","242.52","245.00","249.85","245.00","249.34","249.15","248.71","1,28,36,972","3,19,26,92,015.32","1,06,736","41,03,086","31.96"
"WIPRO","EQ","10-Sep-2025","249.15","249.30","257.17","249.25","255.71","255.75","255.41","1,52,61,331","3,89,78,28,179.69","1,23,766","70,41,437","46.14"
"WIPRO","EQ","11-Sep-2025","255.75","255.70","255.70","252.17","254.06","253.91","253.47","58,65,301","1,48,66,90,713.02","62,615","26,72,573","45.57"
"WIPRO","EQ","12-Sep-2025","253.91","254.88","255.90","250.82","252.00","251.94","252.20","53,45,794","1,34,82,32,401.02","57,268","24,50,546","45.84"
"WIPRO","EQ","15-Sep-2025","251.94","251.50","251.79","249.60","251.34","251.28","250.85","37,00,703","92,83,15,668.16","54,844","18,44,641","49.85"
"WIPRO","BL","16-Sep-2025","258.99","252.50","252.50","252.50","252.50","252.50","252.50","9,14,544","23,09,22,360.00","1","-","-"
"WIPRO","EQ","16-Sep-2025","251.28","252.00","254.50","250.20","254.50","254.01","252.49","73,16,998","1,84,74,82,576.25","78,519","46,41,420","63.43"
"WIPRO","EQ","17-Sep-2025","254.01","253.30","255.50","252.85","254.17","254.15","254.46","73,39,871","1,86,76,90,948.68","1,06,539","43,74,948","59.61"
"WIPRO","BL","18-Sep-2025","252.50","254.15","254.15","254.15","254.15","254.15","254.15","14,00,000","35,58,10,000.00","1","-","-"
"WIPRO","EQ","18-Sep-2025","254.15","257.00","259.80","256.00","257.10","256.93","257.69","1,04,98,239","2,70,53,37,772.30","91,505","41,09,345","39.14"
"WIPRO","EQ","19-Sep-2025","256.93","257.00","257.66","254.70","256.29","255.88","255.83","1,07,41,757","2,74,80,59,161.68","70,932","77,63,458","72.27"
"WIPRO","EQ","22-Sep-2025","255.88","248.55","251.78","247.21","250.49","250.33","250.17","1,57,84,007","3,94,87,11,872.62","1,83,999","84,68,312","53.65"
"WIPRO","EQ","23-Sep-2025","250.33","250.22","252.00","248.75","249.40","249.63","250.18","86,74,114","2,17,00,99,987.03","78,897","45,99,716","53.03"
"WIPRO","EQ","24-Sep-2025","249.63","248.33","249.12","244.25","244.88","244.59","245.55","78,88,797","1,93,71,12,798.80","1,19,211","40,71,468","51.61"
"WIPRO","EQ","25-Sep-2025","244.59","245.45","245.64","241.28","242.25","242.00","242.95","79,57,740","1,93,33,22,678.20","1,14,006","51,14,663","64.27"
"WIPRO","EQ","26-Sep-2025","242.00","241.45","241.55","235.01","236.50","235.75","236.91","1,69,99,628","4,02,73,67,757.23","1,86,077","1,13,43,723","66.73"
"WIPRO","EQ","29-Sep-2025","235.75","236.88","240.79","236.29","239.40","239.64","239.24","88,94,412","2,12,78,78,611.41","1,13,119","52,07,361","58.55"
"WIPRO","EQ","30-Sep-2025","239.64","239.93","241.50","239.00","239.04","239.37","239.99","55,90,909","1,34,17,63,338.22","76,129","29,82,135","53.34"
"WIPRO","T0","30-Sep-2025","239.64","240.00","240.00","240.00","240.00","239.37","240.00","1","240.00","1","1","100.00"
"WIPRO","EQ","01-Oct-2025","239.37","240.00","243.57","237.84","241.80","241.07","240.59","94,79,378","2,28,06,68,174.63","1,03,764","52,16,469","55.03"
"WIPRO","T0","01-Oct-2025","239.37","239.00","239.00","239.00","239.00","241.07","239.00","1","239.00","1","1","100.00"
"WIPRO","EQ","03-Oct-2025","241.07","240.98","241.40","238.06","241.20","240.98","239.97","1,09,68,346","2,63,20,80,564.36","91,040","64,19,185","58.52"
"WIPRO","EQ","06-Oct-2025","240.98","240.00","242.96","239.32","242.13","242.13","241.51","60,64,946","1,46,47,43,403.78","95,492","26,01,366","42.89"
"WIPRO","EQ","07-Oct-2025","242.13","242.90","245.00","242.14","243.75","243.53","243.37","65,87,728","1,60,32,58,453.63","66,541","32,94,932","50.02"
"WIPRO","EQ","08-Oct-2025","243.53","243.25","246.35","242.57","244.00","244.27","244.60","73,60,563","1,80,04,04,872.52","81,653","29,94,882","40.69"
"WIPRO","EQ","09-Oct-2025","244.27","243.99","246.80","243.16","246.40","246.40","245.76","46,29,760","1,13,78,11,319.81","58,945","20,41,786","44.10"
"WIPRO","T0","09-Oct-2025","244.27","245.00","245.00","245.00","245.00","246.40","245.00","1","245.00","1","1","100.00"
"WIPRO","EQ","10-Oct-2025","246.40","248.00","251.25","246.25","248.98","248.70","249.13","70,70,200","1,76,13,66,742.82","83,077","28,64,560","40.52"
"WIPRO","T0","10-Oct-2025","246.40","247.00","247.00","247.00","247.00","248.70","247.00","2","494.00","2","-","-"
"WIPRO","EQ","13-Oct-2025","248.70","246.06","247.70","244.51","245.15","245.13","245.49","67,17,589","1,64,91,14,845.35","72,184","30,36,379","45.20"
"WIPRO","EQ","14-Oct-2025","245.13","245.80","250.15","245.11","247.80","248.42","248.16","78,88,607","1,95,76,18,716.66","75,705","26,63,376","33.76"
"WIPRO","T0","14-Oct-2025","245.13","248.70","248.70","248.70","248.70","248.42","248.70","1","248.70","1","1","100.00"
"WIPRO","EQ","15-Oct-2025","248.42","250.00","252.13","248.54","250.40","250.21","250.19","1,32,78,925","3,32,23,14,810.09","75,741","67,92,880","51.16"
"WIPRO","T0","15-Oct-2025","248.42","250.00","250.00","250.00","250.00","250.21","250.00","2","500.00","2","2","100.00"
"WIPRO","EQ","16-Oct-2025","250.21","250.40","254.07","248.80","253.70","253.81","252.33","1,06,61,302","2,69,01,92,358.98","96,120","54,15,643","50.80"
"WIPRO","EQ","17-Oct-2025","253.81","250.00","250.00","239.11","240.68","240.90","241.63","4,38,02,251","10,58,40,19,817.01","2,85,578","2,19,79,319","50.18"
"WIPRO","EQ","20-Oct-2025","240.90","240.90","241.94","239.27","241.43","241.24","240.96","98,71,824","2,37,86,86,984.20","98,492","42,60,925","43.16"
"WIPRO","EQ","21-Oct-2025","241.24","241.00","242.16","240.36","241.19","241.36","241.57","20,82,336","50,30,33,334.47","27,617","9,33,907","44.90"
"WIPRO","EQ","23-Oct-2025","241.36","244.80","247.80","243.37","244.30","244.30","245.57","1,89,64,626","4,65,72,03,346.26","1,24,858","1,02,98,038","54.30"
"WIPRO","T0","23-Oct-2025","241.36","245.00","245.00","245.00","245.00","244.30","245.00","3","735.00","1","3","100.00"
"WIPRO","EQ","24-Oct-2025","244.30","245.00","245.88","242.16","243.25","242.98","243.83","68,03,979","1,65,89,80,694.62","62,407","38,93,566","57.22"
"WIPRO","EQ","27-Oct-2025","242.98","243.29","245.73","243.06","243.90","243.91","244.35","95,50,336","2,33,36,43,949.45","65,767","58,96,667","61.74"
"WIPRO","EQ","28-Oct-2025","243.91","243.66","244.70","241.40","242.70","242.38","242.41","87,80,789","2,12,85,91,885.05","89,491","52,72,978","60.05"
"WIPRO","EQ","29-Oct-2025","242.38","243.60","243.60","241.64","242.65","242.28","242.40","87,76,917","2,12,74,95,399.61","67,295","52,94,418","60.32"
"WIPRO","EQ","30-Oct-2025","242.28","242.89","244.77","240.50","242.00","241.92","241.98","83,44,622","2,01,92,62,795.90","79,344","38,15,534","45.72"
"WIPRO","EQ","31-Oct-2025","241.92","242.11","243.19","240.50","240.90","240.67","241.46","56,59,566","1,36,65,65,519.77","67,133","32,33,740","57.14"
"WIPRO","EQ","03-Nov-2025","240.67","240.67","241.29","239.50","240.72","240.50","240.43","49,02,693","1,17,87,32,162.89","75,660","28,51,620","58.16"
"WIPRO","EQ","04-Nov-2025","240.50","240.50","240.84","237.52","238.30","237.92","238.37","68,48,284","1,63,24,31,578.79","1,03,001","38,97,852","56.92"
"WIPRO","EQ","06-Nov-2025","237.92","240.00","240.62","238.37","240.05","240.05","239.71","71,41,517","1,71,19,00,641.07","77,981","41,57,593","58.22"
"WIPRO","EQ","07-Nov-2025","240.05","238.70","239.25","236.00","236.75","236.49","236.77","55,20,619","1,30,71,13,433.92","87,628","28,56,500","51.74"
"WIPRO","EQ","10-Nov-2025","236.49","237.44","241.55","237.02","239.85","239.84","239.84","85,66,758","2,05,46,39,352.92","82,903","44,25,382","51.66"
"WIPRO","EQ","11-Nov-2025","239.84","241.10","242.05","238.81","241.75","241.69","240.70","88,31,094","2,12,56,06,772.87","88,771","54,25,322","61.43"
"WIPRO","EQ","12-Nov-2025","241.69","242.75","246.30","242.10","245.39","245.22","245.02","1,31,52,546","3,22,26,11,354.43","1,03,627","82,28,990","62.57"
"WIPRO","EQ","13-Nov-2025","245.22","246.00","246.00","244.00","245.34","245.33","245.37","62,11,124","1,52,40,38,259.42","93,441","35,19,811","56.67"
"WIPRO","EQ","14-Nov-2025","245.33","243.92","245.90","242.15","245.15","244.37","243.59","68,41,554","1,66,65,47,926.16","91,626","39,05,933","57.09"
"WIPRO","EQ","17-Nov-2025","244.37","243.97","244.78","242.69","243.70","244.05","243.79","65,59,062","1,59,90,49,669.94","59,521","38,85,862","59.24"
"WIPRO","EQ","18-Nov-2025","244.05","242.93","244.00","240.30","241.00","240.90","241.73","47,30,012","1,14,33,97,179.02","51,881","25,28,644","53.46"
"WIPRO","EQ","19-Nov-2025","240.90","241.20","246.85","240.54","246.06","246.07","245.17","1,32,98,452","3,26,03,72,916.40","98,584","66,85,771","50.27"
"WIPRO","EQ","20-Nov-2025","246.07","247.50","247.80","245.71","246.38","246.26","246.32","67,05,862","1,65,18,19,850.22","62,389","39,60,657","59.06"
"WIPRO","EQ","21-Nov-2025","246.26","245.00","247.25","243.61","244.61","244.49","245.32","55,16,450","1,35,33,10,053.42","64,254","27,19,052","49.29"
"WIPRO","EQ","24-Nov-2025","244.49","245.02","249.38","245.02","247.44","247.27","247.61","1,97,11,070","4,88,05,81,939.51","1,04,905","1,21,80,030","61.79"
"WIPRO","EQ","25-Nov-2025","247.27","248.00","248.00","244.00","245.59","245.64","245.87","81,88,793","2,01,33,84,060.15","97,736","43,23,937","52.80"
"WIPRO","EQ","26-Nov-2025","245.64","246.00","250.55","245.62","250.08","250.19","248.94","82,02,096","2,04,18,47,444.65","86,257","48,00,038","58.52"
"WIPRO","EQ","27-Nov-2025","250.19","250.40","251.92","247.69","249.30","249.56","249.68","52,68,129","1,31,53,47,070.09","74,342","22,36,250","42.45"
"WIPRO","EQ","28-Nov-2025","249.56","251.00","251.99","248.60","249.55","249.53","249.95","70,49,965","1,76,21,30,446.42","67,376","36,06,213","51.15"
"WIPRO","EQ","01-Dec-2025","249.53","250.10","250.75","248.86","250.10","250.28","250.08","38,65,446","96,66,75,907.80","71,087","21,11,894","54.64"
"WIPRO","EQ","02-Dec-2025","250.28","250.00","251.45","248.87","250.74","250.17","249.96","85,35,708","2,13,35,74,295.54","86,860","58,07,027","68.03"
"WIPRO","EQ","03-Dec-2025","250.17","250.60","257.13","250.55","254.20","254.69","255.04","1,72,15,454","4,39,06,17,606.72","1,39,700","61,61,617","35.79"
"WIPRO","EQ","04-Dec-2025","254.69","256.00","258.80","255.50","257.30","256.93","257.22","1,06,87,381","2,74,89,56,309.12","89,639","47,94,097","44.86"
"WIPRO","EQ","05-Dec-2025","256.93","258.20","261.10","257.70","259.50","259.91","259.65","78,86,562","2,04,77,43,223.08","88,688","34,41,443","43.64"
"WIPRO","EQ","08-Dec-2025","259.91","260.01","263.07","259.71","260.83","261.38","261.37","96,84,253","2,53,12,13,128.29","97,906","38,47,429","39.73"
"WIPRO","EQ","09-Dec-2025","261.38","261.38","261.82","257.05","257.39","257.41","258.06","85,60,580","2,20,91,11,934.59","75,288","47,21,033","55.15"
"WIPRO","EQ","10-Dec-2025","257.41","258.01","260.37","257.25","257.72","257.98","258.58","79,44,200","2,05,41,79,577.78","74,001","50,05,753","63.01"
"WIPRO","EQ","11-Dec-2025","257.98","258.31","259.98","257.72","259.20","259.25","259.05","64,73,376","1,67,68,96,986.46","64,064","38,56,771","59.58"
"WIPRO","EQ","12-Dec-2025","259.25","259.50","260.82","257.36","260.50","260.60","259.59","40,08,271","1,04,04,91,549.05","59,594","19,29,843","48.15"
"WIPRO","EQ","15-Dec-2025","260.60","259.99","262.50","258.54","262.50","261.74","260.73","40,23,911","1,04,91,46,180.83","65,233","16,44,809","40.88"
"WIPRO","EQ","16-Dec-2025","261.74","261.74","261.75","258.80","259.30","259.22","259.93","29,82,041","77,51,20,420.90","52,058","15,35,105","51.48"
"WIPRO","EQ","17-Dec-2025","259.22","259.00","262.13","258.31","261.20","261.14","260.93","49,23,276","1,28,46,06,197.55","58,007","28,16,621","57.21"
"WIPRO","EQ","18-Dec-2025","261.14","261.18","264.99","261.00","264.09","263.85","263.42","90,08,412","2,37,30,12,170.68","81,183","38,28,431","42.50"
"WIPRO","EQ","19-Dec-2025","263.85","267.00","267.00","263.30","264.17","264.45","264.63","1,27,50,745","3,37,42,04,540.74","65,906","78,88,142","61.86"
"WIPRO","EQ","22-Dec-2025","264.45","267.51","273.10","266.80","272.65","272.67","271.28","1,46,51,313","3,97,45,61,865.55","1,42,390","63,06,729","43.05"
"WIPRO","EQ","23-Dec-2025","272.67","272.00","272.48","270.21","271.30","271.40","271.28","75,72,420","2,05,42,46,039.73","75,683","37,02,148","48.89"
"WIPRO","EQ","24-Dec-2025","271.40","270.94","270.98","267.20","268.14","268.06","268.42","46,94,861","1,26,02,16,493.01","62,692","20,82,964","44.37"
"WIPRO","EQ","26-Dec-2025","268.06","267.20","268.88","265.74","266.25","266.30","267.13","28,99,112","77,44,29,567.77","52,478","12,37,350","42.68"
"WIPRO","EQ","29-Dec-2025","266.30","265.99","267.39","263.60","264.25","264.24","265.56","37,55,074","99,72,14,908.57","52,279","17,98,142","47.89"
"WIPRO","EQ","30-Dec-2025","264.24","264.00","264.72","263.02","264.31","263.65","263.83","51,17,699","1,35,02,21,200.72","75,947","31,14,084","60.85"
"WIPRO","EQ","31-Dec-2025","263.65","264.00","264.60","261.26","264.00","263.28","262.64","57,05,044","1,49,83,46,180.48","51,645","30,81,869","54.02"
"WIPRO","EQ","01-Jan-2026","263.28","264.50","268.05","263.75","267.30","267.35","266.73","36,39,755","97,08,25,253.15","37,501","11,48,153","31.54"
"WIPRO","EQ","02-Jan-2026","267.35","267.35","272.40","266.15","269.00","269.00","269.83","82,86,204","2,23,58,66,518.30","59,920","44,11,840","53.24"
"WIPRO","EQ","05-Jan-2026","269.00","269.45","269.65","261.70","263.00","263.30","263.83","70,06,599","1,84,85,24,489.65","88,066","31,13,109","44.43"
"WIPRO","EQ","06-Jan-2026","263.30","263.30","266.10","262.95","265.10","265.60","264.91","40,83,654","1,08,18,11,495.90","56,243","20,26,595","49.63"
"WIPRO","EQ","07-Jan-2026","265.60","265.00","272.50","264.50","270.35","270.80","270.12","1,02,42,615","2,76,67,04,654.85","87,098","45,21,628","44.15"
"WIPRO","EQ","08-Jan-2026","270.80","270.90","270.90","261.35","261.90","262.20","264.82","92,69,522","2,45,47,64,339.35","1,00,744","48,47,203","52.29"
"WIPRO","EQ","09-Jan-2026","262.20","261.35","263.95","260.45","262.50","261.95","262.19","47,35,387","1,24,15,70,196.80","57,177","20,93,976","44.22"